id;name;type1;type2;color;generation;legendary;height;weight;hp;atk;def;sp_atk;sp_def;spd;total
1;Bulbasaur;Grass;Poison;Green;1;false;0.7;6.9;45;49;49;65;65;45;318
2;Ivysaur;Grass;Poison;Green;1;false;1;13;60;62;63;80;80;60;405
3;Venusaur;Grass;Poison;Green;1;false;2;100;80;82;83;100;100;80;525
4;Charmander;Fire;;Red;1;false;0.6;8.5;39;52;43;60;50;65;309
5;Charmeleon;Fire;;Red;1;false;1.1;19;58;64;58;80;65;80;405
6;Charizard;Fire;Flying;Red;1;false;1.7;90.5;78;84;78;109;85;100;534
7;Squirtle;Water;;Blue;1;false;0.5;9;44;48;65;50;64;43;314
8;Wartortle;Water;;Blue;1;false;1;22.5;59;63;80;65;80;58;405
9;Blastoise;Water;;Blue;1;false;1.6;85.5;79;83;100;85;105;78;530
10;Caterpie;Bug;;Green;1;false;0.3;2.9;45;30;35;20;20;45;195
11;Metapod;Bug;;Green;1;false;0.7;9.9;50;20;55;25;25;30;205
12;Butterfree;Bug;Flying;White;1;false;1.1;32;60;45;50;90;80;70;395
13;Weedle;Bug;Poison;Brown;1;false;0.3;3.2;40;35;30;20;20;50;195
14;Kakuna;Bug;Poison;Yellow;1;false;0.6;10;45;25;50;25;25;35;205
15;Beedrill;Bug;Poison;Yellow;1;false;1;29.5;65;90;40;45;80;75;395
16;Pidgey;Normal;Flying;Brown;1;false;0.3;1.8;40;45;40;35;35;56;251
17;Pidgeotto;Normal;Flying;Brown;1;false;1.1;30;63;60;55;50;50;71;349
18;Pidgeot;Normal;Flying;Brown;1;false;1.5;39.5;83;80;75;70;70;101;479
19;Rattata;Normal;;Purple;1;false;0.3;3.5;30;56;35;25;35;72;253
20;Raticate;Normal;;Brown;1;false;0.7;18.5;55;81;60;50;70;97;413
21;Spearow;Normal;Flying;Brown;1;false;0.3;2;40;60;30;31;31;70;262
22;Fearow;Normal;Flying;Brown;1;false;1.2;38;65;90;65;61;61;100;442
23;Ekans;Poison;;Purple;1;false;2;6.9;35;60;44;40;54;55;288
24;Arbok;Poison;;Purple;1;false;3.5;65;60;95;69;65;79;80;448
25;Pikachu;Electric;;Yellow;1;false;0.4;6;35;55;40;50;50;90;320
26;Raichu;Electric;;Yellow;1;false;0.8;30;60;90;55;90;80;110;485
27;Sandshrew;Ground;;Yellow;1;false;0.6;12;50;75;85;20;30;40;300
28;Sandslash;Ground;;Yellow;1;false;1;29.5;75;100;110;45;55;65;450
29;Nidoran F;Poison;;Blue;1;false;0.4;7;55;47;52;40;40;41;275
30;Nidorina;Poison;;Blue;1;false;0.8;20;70;62;67;55;55;56;365
31;Nidoqueen;Poison;Ground;Blue;1;false;1.3;60;90;92;87;75;85;76;505
32;Nidoran M;Poison;;Purple;1;false;0.5;9;46;57;40;40;40;50;273
33;Nidorino;Poison;;Purple;1;false;0.9;19.5;61;72;57;55;55;65;365
34;Nidoking;Poison;Ground;Purple;1;false;1.4;62;81;102;77;85;75;85;505
35;Clefairy;Fairy;;Pink;1;false;0.6;7.5;70;45;48;60;65;35;323
36;Clefable;Fairy;;Pink;1;false;1.3;40;95;70;73;95;90;60;483
37;Vulpix;Fire;;Brown;1;false;0.6;9.9;38;41;40;50;65;65;299
38;Ninetales;Fire;;Yellow;1;false;1.1;19.9;73;76;75;81;100;100;505
39;Jigglypuff;Normal;Fairy;Pink;1;false;0.5;5.5;115;45;20;45;25;20;270
40;Wigglytuff;Normal;Fairy;Pink;1;false;1;12;140;70;45;85;50;45;435
41;Zubat;Poison;Flying;Purple;1;false;0.8;7.5;40;45;35;30;40;55;245
42;Golbat;Poison;Flying;Purple;1;false;1.6;55;75;80;70;65;75;90;455
43;Oddish;Grass;Poison;Blue;1;false;0.5;5.4;45;50;55;75;65;30;320
44;Gloom;Grass;Poison;Blue;1;false;0.8;8.6;60;65;70;85;75;40;395
45;Vileplume;Grass;Poison;Red;1;false;1.2;18.6;75;80;85;110;90;50;490
46;Paras;Bug;Grass;Red;1;false;0.3;5.4;35;70;55;45;55;25;285
47;Parasect;Bug;Grass;Red;1;false;1;29.5;60;95;80;60;80;30;405
48;Venonat;Bug;Poison;Purple;1;false;1;30;60;55;50;40;55;45;305
49;Venomoth;Bug;Poison;Purple;1;false;1.5;12.5;70;65;60;90;75;90;450
50;Diglett;Ground;;Brown;1;false;0.2;0.8;10;55;25;35;45;95;265
51;Dugtrio;Ground;;Brown;1;false;0.7;33.3;35;100;50;50;70;120;425
52;Meowth;Normal;;Yellow;1;false;0.4;4.2;40;45;35;40;40;90;290
53;Persian;Normal;;Yellow;1;false;1;32;65;70;60;65;65;115;440
54;Psyduck;Water;;Yellow;1;false;0.8;19.6;50;52;48;65;50;55;320
55;Golduck;Water;;Blue;1;false;1.7;76.6;80;82;78;95;80;85;500
56;Mankey;Fighting;;Brown;1;false;0.5;28;40;80;35;35;45;70;305
57;Primeape;Fighting;;Brown;1;false;1;32;65;105;60;60;70;95;455
58;Growlithe;Fire;;Brown;1;false;0.7;19;55;70;45;70;50;60;350
59;Arcanine;Fire;;Brown;1;false;1.9;155;90;110;80;100;80;95;555
60;Poliwag;Water;;Blue;1;false;0.6;12.4;40;50;40;40;40;90;300
61;Poliwhirl;Water;;Blue;1;false;1;20;65;65;65;50;50;90;385
62;Poliwrath;Water;Fighting;Blue;1;false;1.3;54;90;95;95;70;90;70;510
63;Abra;Psychic;;Brown;1;false;0.9;19.5;25;20;15;105;55;90;310
64;Kadabra;Psychic;;Brown;1;false;1.3;56.5;40;35;30;120;70;105;400
65;Alakazam;Psychic;;Brown;1;false;1.5;48;55;50;45;135;95;120;500
66;Machop;Fighting;;Grey;1;false;0.8;19.5;70;80;50;35;35;35;305
67;Machoke;Fighting;;Grey;1;false;1.5;70.5;80;100;70;50;60;45;405
68;Machamp;Fighting;;Grey;1;false;1.6;130;90;130;80;65;85;55;505
69;Bellsprout;Grass;Poison;Green;1;false;0.7;4;50;75;35;70;30;40;300
70;Weepinbell;Grass;Poison;Green;1;false;1;6.4;65;90;50;85;45;55;390
71;Victreebel;Grass;Poison;Green;1;false;1.7;15.5;80;105;65;100;70;70;490
72;Tentacool;Water;Poison;Blue;1;false;0.9;45.5;40;40;35;50;100;70;335
73;Tentacruel;Water;Poison;Blue;1;false;1.6;55;80;70;65;80;120;100;515
74;Geodude;Rock;Ground;Brown;1;false;0.4;20;40;80;100;30;30;20;300
75;Graveler;Rock;Ground;Brown;1;false;1;105;55;95;115;45;45;35;390
76;Golem;Rock;Ground;Brown;1;false;1.4;300;80;120;130;55;65;45;495
77;Ponyta;Fire;;Yellow;1;false;1;30;50;85;55;65;65;90;410
78;Rapidash;Fire;;Yellow;1;false;1.7;95;65;100;70;80;80;105;500
79;Slowpoke;Water;Psychic;Pink;1;false;1.2;36;90;65;65;40;40;15;315
80;Slowbro;Water;Psychic;Pink;1;false;1.6;78.5;95;75;110;100;80;30;490
81;Magnemite;Electric;Steel;Grey;1;false;0.3;6;25;35;70;95;55;45;325
82;Magneton;Electric;Steel;Grey;1;false;1;60;50;60;95;120;70;70;465
83;Farfetch'd;Normal;Flying;Brown;1;false;0.8;15;52;90;55;58;62;60;377
84;Doduo;Normal;Flying;Brown;1;false;1.4;39.2;35;85;45;35;35;75;310
85;Dodrio;Normal;Flying;Brown;1;false;1.8;85.2;60;110;70;60;60;110;470
86;Seel;Water;;White;1;false;1.1;90;65;45;55;45;70;45;325
87;Dewgong;Water;Ice;White;1;false;1.7;120;90;70;80;70;95;70;475
88;Grimer;Poison;;Purple;1;false;0.9;30;80;80;50;40;50;25;325
89;Muk;Poison;;Purple;1;false;1.2;30;105;105;75;65;100;50;500
90;Shellder;Water;;Purple;1;false;0.3;4;30;65;100;45;25;40;305
91;Cloyster;Water;Ice;Purple;1;false;1.5;132.5;50;95;180;85;45;70;525
92;Gastly;Ghost;Poison;Purple;1;false;1.3;0.1;30;35;30;100;35;80;310
93;Haunter;Ghost;Poison;Purple;1;false;1.6;0.1;45;50;45;115;55;95;405
94;Gengar;Ghost;Poison;Purple;1;false;1.5;40.5;60;65;60;130;75;110;500
95;Onix;Rock;Ground;Grey;1;false;8.8;210;35;45;160;30;45;70;385
96;Drowzee;Psychic;;Yellow;1;false;1;32.4;60;48;45;43;90;42;328
97;Hypno;Psychic;;Yellow;1;false;1.6;75.6;85;73;70;73;115;67;483
98;Krabby;Water;;Red;1;false;0.4;6.5;30;105;90;25;25;50;325
99;Kingler;Water;;Red;1;false;1.3;60;55;130;115;50;50;75;475
100;Voltorb;Electric;;Red;1;false;0.5;10.4;40;30;50;55;55;100;330
101;Electrode;Electric;;Red;1;false;1.2;66.6;60;50;70;80;80;150;490
102;Exeggcute;Grass;Psychic;Pink;1;false;0.4;2.5;60;40;80;60;45;40;325
103;Exeggutor;Grass;Psychic;Yellow;1;false;2;120;95;95;85;125;75;55;530
104;Cubone;Ground;;Brown;1;false;0.4;6.5;50;50;95;40;50;35;320
105;Marowak;Ground;;Brown;1;false;1;45;60;80;110;50;80;45;425
106;Hitmonlee;Fighting;;Brown;1;false;1.5;49.8;50;120;53;35;110;87;455
107;Hitmonchan;Fighting;;Brown;1;false;1.4;50.2;50;105;79;35;110;76;455
108;Lickitung;Normal;;Pink;1;false;1.2;65.5;90;55;75;60;75;30;385
109;Koffing;Poison;;Purple;1;false;0.6;1;40;65;95;60;45;35;340
110;Weezing;Poison;;Purple;1;false;1.2;9.5;65;90;120;85;70;60;490
111;Rhyhorn;Ground;Rock;Grey;1;false;1;115;80;85;95;30;30;25;345
112;Rhydon;Ground;Rock;Grey;1;false;1.9;120;105;130;120;45;45;40;485
113;Chansey;Normal;;Pink;1;false;1.1;34.6;250;5;5;35;105;50;450
114;Tangela;Grass;;Blue;1;false;1;35;65;55;115;100;40;60;435
115;Kangaskhan;Normal;;Brown;1;false;2.2;80;105;95;80;40;80;90;490
116;Horsea;Water;;Blue;1;false;0.4;8;30;40;70;70;25;60;295
117;Seadra;Water;;Blue;1;false;1.2;25;55;65;95;95;45;85;440
118;Goldeen;Water;;Red;1;false;0.6;15;45;67;60;35;50;63;320
119;Seaking;Water;;Red;1;false;1.3;39;80;92;65;65;80;68;450
120;Staryu;Water;;Brown;1;false;0.8;34.5;30;45;55;70;55;85;340
121;Starmie;Water;Psychic;Purple;1;false;1.1;80;60;75;85;100;85;115;520
122;Mr. Mime;Psychic;Fairy;Pink;1;false;1.3;54.5;40;45;65;100;120;90;460
123;Scyther;Bug;Flying;Green;1;false;1.5;56;70;110;80;55;80;105;500
124;Jynx;Ice;Psychic;Red;1;false;1.4;40.6;65;50;35;115;95;95;455
125;Electabuzz;Electric;;Yellow;1;false;1.1;30;65;83;57;95;85;105;490
126;Magmar;Fire;;Red;1;false;1.3;44.5;65;95;57;100;85;93;495
127;Pinsir;Bug;;Brown;1;false;1.5;55;65;125;100;55;70;85;500
128;Tauros;Normal;;Brown;1;false;1.4;88.4;75;100;95;40;70;110;490
129;Magikarp;Water;;Red;1;false;0.9;10;20;10;55;15;20;80;200
130;Gyarados;Water;Flying;Blue;1;false;6.5;235;95;125;79;60;100;81;540
131;Lapras;Water;Ice;Blue;1;false;2.5;220;130;85;80;85;95;60;535
132;Ditto;Normal;;Purple;1;false;0.3;4;48;48;48;48;48;48;288
133;Eevee;Normal;;Brown;1;false;0.3;6.5;55;55;50;45;65;55;325
134;Vaporeon;Water;;Blue;1;false;1;29;130;65;60;110;95;65;525
135;Jolteon;Electric;;Yellow;1;false;0.8;24.5;65;65;60;110;95;130;525
136;Flareon;Fire;;Red;1;false;0.9;25;65;130;60;95;110;65;525
137;Porygon;Normal;;Pink;1;false;0.8;36.5;65;60;70;85;75;40;395
138;Omanyte;Rock;Water;Blue;1;false;0.4;7.5;35;40;100;90;55;35;355
139;Omastar;Rock;Water;Blue;1;false;1;35;70;60;125;115;70;55;495
140;Kabuto;Rock;Water;Brown;1;false;0.5;11.5;30;80;90;55;45;55;355
141;Kabutops;Rock;Water;Brown;1;false;1.3;40.5;60;115;105;65;70;80;495
142;Aerodactyl;Rock;Flying;Purple;1;false;1.8;59;80;105;65;60;75;130;515
143;Snorlax;Normal;;Black;1;false;2.1;460;160;110;65;65;110;30;540
144;Articuno;Ice;Flying;Blue;1;true;1.7;55.4;90;85;100;95;125;85;580
145;Zapdos;Electric;Flying;Yellow;1;true;1.6;52.6;90;90;85;125;90;100;580
146;Moltres;Fire;Flying;Yellow;1;true;2;60;90;100;90;125;85;90;580
147;Dratini;Dragon;;Blue;1;false;1.8;3.3;41;64;45;50;50;50;300
148;Dragonair;Dragon;;Blue;1;false;4;16.5;61;84;65;70;70;70;420
149;Dragonite;Dragon;Flying;Brown;1;false;2.2;210;91;134;95;100;100;80;600
150;Mewtwo;Psychic;;Purple;1;true;2;122;106;110;90;154;90;130;680
151;Mew;Psychic;;Pink;1;true;0.4;4;100;100;100;100;100;100;600
152;Chikorita;Grass;;Green;2;false;0.9;6.4;45;49;65;49;65;45;318
153;Bayleef;Grass;;Green;2;false;1.2;15.8;60;62;80;63;80;60;405
154;Meganium;Grass;;Green;2;false;1.8;100.5;80;82;100;83;100;80;525
155;Cyndaquil;Fire;;Yellow;2;false;0.5;7.9;39;52;43;60;50;65;309
156;Quilava;Fire;;Yellow;2;false;0.9;19;58;64;58;80;65;80;405
157;Typhlosion;Fire;;Yellow;2;false;1.7;79.5;78;84;78;109;85;100;534
158;Totodile;Water;;Blue;2;false;0.6;9.5;50;65;64;44;48;43;314
159;Croconaw;Water;;Blue;2;false;1.1;25;65;80;80;59;63;58;405
160;Feraligatr;Water;;Blue;2;false;2.3;88.8;85;105;100;79;83;78;530
161;Sentret;Normal;;Brown;2;false;0.8;6;35;46;34;35;45;20;215
162;Furret;Normal;;Brown;2;false;1.8;32.5;85;76;64;45;55;90;415
163;Hoothoot;Normal;Flying;Brown;2;false;0.7;21.2;60;30;30;36;56;50;262
164;Noctowl;Normal;Flying;Brown;2;false;1.6;40.8;100;50;50;86;96;70;452
165;Ledyba;Bug;Flying;Red;2;false;1;10.8;40;20;30;40;80;55;265
166;Ledian;Bug;Flying;Red;2;false;1.4;35.6;55;35;50;55;110;85;390
167;Spinarak;Bug;Poison;Green;2;false;0.5;8.5;40;60;40;40;40;30;250
168;Ariados;Bug;Poison;Red;2;false;1.1;33.5;70;90;70;60;70;40;400
169;Crobat;Poison;Flying;Purple;2;false;1.8;75;85;90;80;70;80;130;535
170;Chinchou;Water;Electric;Blue;2;false;0.5;12;75;38;38;56;56;67;330
171;Lanturn;Water;Electric;Blue;2;false;1.2;22.5;125;58;58;76;76;67;460
172;Pichu;Electric;;Yellow;2;false;0.3;2;20;40;15;35;35;60;205
173;Cleffa;Fairy;;Pink;2;false;0.3;3;50;25;28;45;55;15;218
174;Igglybuff;Normal;Fairy;Pink;2;false;0.3;1;90;30;15;40;20;15;210
175;Togepi;Fairy;;White;2;false;0.3;1.5;35;20;65;40;65;20;245
176;Togetic;Fairy;Flying;White;2;false;0.6;3.2;55;40;85;80;105;40;405
177;Natu;Psychic;Flying;Green;2;false;0.2;2;40;50;45;70;45;70;320
178;Xatu;Psychic;Flying;Green;2;false;1.5;15;65;75;70;95;70;95;470
179;Mareep;Electric;;White;2;false;0.6;7.8;55;40;40;65;45;35;280
180;Flaaffy;Electric;;Pink;2;false;0.8;13.3;70;55;55;80;60;45;365
181;Ampharos;Electric;;Yellow;2;false;1.4;61.5;90;75;85;115;90;55;510
182;Bellossom;Grass;;Green;2;false;0.4;5.8;75;80;95;90;100;50;490
183;Marill;Water;Fairy;Blue;2;false;0.4;8.5;70;20;50;20;50;40;250
184;Azumarill;Water;Fairy;Blue;2;false;0.8;28.5;100;50;80;60;80;50;420
185;Sudowoodo;Rock;;Brown;2;false;1.2;38;70;100;115;30;65;30;410
186;Politoed;Water;;Green;2;false;1.1;33.9;90;75;75;90;100;70;500
187;Hoppip;Grass;Flying;Pink;2;false;0.4;0.5;35;35;40;35;55;50;250
188;Skiploom;Grass;Flying;Green;2;false;0.6;1;55;45;50;45;65;80;340
189;Jumpluff;Grass;Flying;Blue;2;false;0.6;3;75;55;70;55;95;110;460
190;Aipom;Normal;;Purple;2;false;0.6;11.5;55;70;55;40;55;85;360
191;Sunkern;Grass;;Yellow;2;false;0.3;1.8;30;30;30;30;30;30;180
192;Sunflora;Grass;;Yellow;2;false;0.8;8.5;75;75;55;105;85;30;425
193;Yanma;Bug;Flying;Red;2;false;1.2;38;65;65;45;75;45;95;390
194;Wooper;Water;Ground;Blue;2;false;0.4;8.5;55;45;45;25;25;15;210
195;Quagsire;Water;Ground;Blue;2;false;1.4;75;95;85;85;65;65;35;430
196;Espeon;Psychic;;Purple;2;false;0.9;26.5;65;65;60;130;95;110;525
197;Umbreon;Dark;;Black;2;false;1;27;95;65;110;60;130;65;525
198;Murkrow;Dark;Flying;Black;2;false;0.5;2.1;60;85;42;85;42;91;405
199;Slowking;Water;Psychic;Pink;2;false;2;79.5;95;75;80;100;110;30;490
200;Misdreavus;Ghost;;Grey;2;false;0.7;1;60;60;60;85;85;85;435
201;Unown;Psychic;;Black;2;false;0.5;5;48;72;48;72;48;48;336
202;Wobbuffet;Psychic;;Blue;2;false;1.3;28.5;190;33;58;33;58;33;405
203;Girafarig;Normal;Psychic;Yellow;2;false;1.5;41.5;70;80;65;90;65;85;455
204;Pineco;Bug;;Grey;2;false;0.6;7.2;50;65;90;35;35;15;290
205;Forretress;Bug;Steel;Purple;2;false;1.2;125.8;75;90;140;60;60;40;465
206;Dunsparce;Normal;;Yellow;2;false;1.5;14;100;70;70;65;65;45;415
207;Gligar;Ground;Flying;Purple;2;false;1.1;64.8;65;75;105;35;65;85;430
208;Steelix;Steel;Ground;Grey;2;false;9.2;400;75;85;200;55;65;30;510
209;Snubbull;Fairy;;Pink;2;false;0.6;7.8;60;80;50;40;40;30;300
210;Granbull;Fairy;;Purple;2;false;1.4;48.7;90;120;75;60;60;45;450
211;Qwilfish;Water;Poison;Grey;2;false;0.5;3.9;65;95;85;55;55;85;440
212;Scizor;Bug;Steel;Red;2;false;1.8;118;70;130;100;55;80;65;500
213;Shuckle;Bug;Rock;Yellow;2;false;0.6;20.5;20;10;230;10;230;5;505
214;Heracross;Bug;Fighting;Blue;2;false;1.5;54;80;125;75;40;95;85;500
215;Sneasel;Dark;Ice;Black;2;false;0.9;28;55;95;55;35;75;115;430
216;Teddiursa;Normal;;Brown;2;false;0.6;8.8;60;80;50;50;50;40;330
217;Ursaring;Normal;;Brown;2;false;1.8;125.8;90;130;75;75;75;55;500
218;Slugma;Fire;;Red;2;false;0.7;35;40;40;40;70;40;20;250
219;Magcargo;Fire;Rock;Red;2;false;0.8;55;60;50;120;90;80;30;430
220;Swinub;Ice;Ground;Brown;2;false;0.4;6.5;50;50;40;30;30;50;250
221;Piloswine;Ice;Ground;Brown;2;false;1.1;55.8;100;100;80;60;60;50;450
222;Corsola;Water;Rock;Pink;2;false;0.6;5;65;55;95;65;95;35;410
223;Remoraid;Water;;Grey;2;false;0.6;12;35;65;35;65;35;65;300
224;Octillery;Water;;Red;2;false;0.9;28.5;75;105;75;105;75;45;480
225;Delibird;Ice;Flying;Red;2;false;0.9;16;45;55;45;65;45;75;330
226;Mantine;Water;Flying;Purple;2;false;2.1;220;85;40;70;80;140;70;485
227;Skarmory;Steel;Flying;Grey;2;false;1.7;50.5;65;80;140;40;70;70;465
228;Houndour;Dark;Fire;Black;2;false;0.6;10.8;45;60;30;80;50;65;330
229;Houndoom;Dark;Fire;Black;2;false;1.4;35;75;90;50;110;80;95;500
230;Kingdra;Water;Dragon;Blue;2;false;1.8;152;75;95;95;95;95;85;540
231;Phanpy;Ground;;Blue;2;false;0.5;33.5;90;60;60;40;40;40;330
232;Donphan;Ground;;Grey;2;false;1.1;120;90;120;120;60;60;50;500
233;Porygon2;Normal;;Red;2;false;0.6;32.5;85;80;90;105;95;60;515
234;Stantler;Normal;;Brown;2;false;1.4;71.2;73;95;62;85;65;85;465
235;Smeargle;Normal;;White;2;false;1.2;58;55;20;35;20;45;75;250
236;Tyrogue;Fighting;;Purple;2;false;0.7;21;35;35;35;35;35;35;210
237;Hitmontop;Fighting;;Brown;2;false;1.4;48;50;95;95;35;110;70;455
238;Smoochum;Ice;Psychic;Pink;2;false;0.5;6;45;30;15;85;65;65;305
239;Elekid;Electric;;Yellow;2;false;0.6;23.5;45;63;37;65;55;95;360
240;Magby;Fire;;Red;2;false;0.7;21.4;45;75;37;70;55;83;365
241;Miltank;Normal;;Pink;2;false;1.2;75.5;95;80;105;40;70;100;490
242;Blissey;Normal;;Pink;2;false;1.5;46.8;255;10;10;75;135;55;540
243;Raikou;Electric;;Yellow;2;true;1.9;178;90;85;75;115;100;115;580
244;Entei;Fire;;Brown;2;true;2.1;198;115;115;85;90;75;100;580
245;Suicune;Water;;Blue;2;true;2;187;100;75;115;90;115;85;580
246;Larvitar;Rock;Ground;Green;2;false;0.6;72;50;64;50;45;50;41;300
247;Pupitar;Rock;Ground;Grey;2;false;1.2;152;70;84;70;65;70;51;410
248;Tyranitar;Rock;Dark;Green;2;false;2;202;100;134;110;95;100;61;600
249;Lugia;Psychic;Flying;White;2;true;5.2;216;106;90;130;90;154;110;680
250;Ho-Oh;Fire;Flying;Red;2;true;3.8;199;106;130;90;110;154;90;680
251;Celebi;Psychic;Grass;Green;2;true;0.6;5;100;100;100;100;100;100;600
252;Treecko;Grass;;Green;3;false;0.5;5;40;45;35;65;55;70;310
253;Grovyle;Grass;;Green;3;false;0.9;21.6;50;65;45;85;65;95;405
254;Sceptile;Grass;;Green;3;false;1.7;52.2;70;85;65;105;85;120;530
255;Torchic;Fire;;Red;3;false;0.4;2.5;45;60;40;70;50;45;310
256;Combusken;Fire;Fighting;Red;3;false;0.9;19.5;60;85;60;85;60;55;405
257;Blaziken;Fire;Fighting;Red;3;false;1.9;52;80;120;70;110;70;80;530
258;Mudkip;Water;;Blue;3;false;0.4;7.6;50;70;50;50;50;40;310
259;Marshtomp;Water;Ground;Blue;3;false;0.7;28;70;85;70;60;70;50;405
260;Swampert;Water;Ground;Blue;3;false;1.5;81.9;100;110;90;85;90;60;535
261;Poochyena;Dark;;Grey;3;false;0.5;13.6;35;55;35;30;30;35;220
262;Mightyena;Dark;;Grey;3;false;1;37;70;90;70;60;60;70;420
263;Zigzagoon;Normal;;Brown;3;false;0.4;17.5;38;30;41;30;41;60;240
264;Linoone;Normal;;White;3;false;0.5;32.5;78;70;61;50;61;100;420
265;Wurmple;Bug;;Red;3;false;0.3;3.6;45;45;35;20;30;20;195
266;Silcoon;Bug;;White;3;false;0.6;10;50;35;55;25;25;15;205
267;Beautifly;Bug;Flying;Yellow;3;false;1;28.4;60;70;50;100;50;65;395
268;Cascoon;Bug;;Purple;3;false;0.7;11.5;50;35;55;25;25;15;205
269;Dustox;Bug;Poison;Green;3;false;1.2;31.6;60;50;70;50;90;65;385
270;Lotad;Water;Grass;Green;3;false;0.5;2.6;40;30;30;40;50;30;220
271;Lombre;Water;Grass;Green;3;false;1.2;32.5;60;50;50;60;70;50;340
272;Ludicolo;Water;Grass;Green;3;false;1.5;55;80;70;70;90;100;70;480
273;Seedot;Grass;;Brown;3;false;0.5;4;40;40;50;30;30;30;220
274;Nuzleaf;Grass;Dark;Brown;3;false;1;28;70;70;40;60;40;60;340
275;Shiftry;Grass;Dark;Brown;3;false;1.3;59.6;90;100;60;90;60;80;480
276;Taillow;Normal;Flying;Blue;3;false;0.3;2.3;40;55;30;30;30;85;270
277;Swellow;Normal;Flying;Blue;3;false;0.7;19.8;60;85;60;75;50;125;455
278;Wingull;Water;Flying;White;3;false;0.6;9.5;40;30;30;55;30;85;270
279;Pelipper;Water;Flying;Yellow;3;false;1.2;28;60;50;100;95;70;65;440
280;Ralts;Psychic;Fairy;White;3;false;0.4;6.6;28;25;25;45;35;40;198
281;Kirlia;Psychic;Fairy;White;3;false;0.8;20.2;38;35;35;65;55;50;278
282;Gardevoir;Psychic;Fairy;White;3;false;1.6;48.4;68;65;65;125;115;80;518
283;Surskit;Bug;Water;Blue;3;false;0.5;1.7;40;30;32;50;52;65;269
284;Masquerain;Bug;Flying;Blue;3;false;0.8;3.6;70;60;62;100;82;80;454
285;Shroomish;Grass;;Brown;3;false;0.4;4.5;60;40;60;40;60;35;295
286;Breloom;Grass;Fighting;Green;3;false;1.2;39.2;60;130;80;60;60;70;460
287;Slakoth;Normal;;Brown;3;false;0.8;24;60;60;60;35;35;30;280
288;Vigoroth;Normal;;White;3;false;1.4;46.5;80;80;80;55;55;90;440
289;Slaking;Normal;;Brown;3;false;2;130.5;150;160;100;95;65;100;670
290;Nincada;Bug;Ground;Grey;3;false;0.5;5.5;31;45;90;30;30;40;266
291;Ninjask;Bug;Flying;Yellow;3;false;0.8;12;61;90;45;50;50;160;456
292;Shedinja;Bug;Ghost;Brown;3;false;0.8;1.2;1;90;45;30;30;40;236
293;Whismur;Normal;;Pink;3;false;0.6;16.3;64;51;23;51;23;28;240
294;Loudred;Normal;;Blue;3;false;1;40.5;84;71;43;71;43;48;360
295;Exploud;Normal;;Blue;3;false;1.5;84;104;91;63;91;73;68;490
296;Makuhita;Fighting;;Yellow;3;false;1;86.4;72;60;30;20;30;25;237
297;Hariyama;Fighting;;Brown;3;false;2.3;253.8;144;120;60;40;60;50;474
298;Azurill;Normal;Fairy;Blue;3;false;0.2;2;50;20;40;20;40;20;190
299;Nosepass;Rock;;Grey;3;false;1;97;30;45;135;45;90;30;375
300;Skitty;Normal;;Pink;3;false;0.6;11;50;45;45;35;35;50;260
301;Delcatty;Normal;;Purple;3;false;1.1;32.6;70;65;65;55;55;90;400
302;Sableye;Dark;Ghost;Purple;3;false;0.5;11;50;75;75;65;65;50;380
303;Mawile;Steel;Fairy;Black;3;false;0.6;11.5;50;85;85;55;55;50;380
304;Aron;Steel;Rock;Grey;3;false;0.4;60;50;70;100;40;40;30;330
305;Lairon;Steel;Rock;Grey;3;false;0.9;120;60;90;140;50;50;40;430
306;Aggron;Steel;Rock;Grey;3;false;2.1;360;70;110;180;60;60;50;530
307;Meditite;Fighting;Psychic;Blue;3;false;0.6;11.2;30;40;55;40;55;60;280
308;Medicham;Fighting;Psychic;Red;3;false;1.3;31.5;60;60;75;60;75;80;410
309;Electrike;Electric;;Green;3;false;0.6;15.2;40;45;40;65;40;65;295
310;Manectric;Electric;;Yellow;3;false;1.5;40.2;70;75;60;105;60;105;475
311;Plusle;Electric;;Yellow;3;false;0.4;4.2;60;50;40;85;75;95;405
312;Minun;Electric;;Yellow;3;false;0.4;4.2;60;40;50;75;85;95;405
313;Volbeat;Bug;;Grey;3;false;0.7;17.7;65;73;75;47;85;85;430
314;Illumise;Bug;;Purple;3;false;0.6;17.7;65;47;75;73;85;85;430
315;Roselia;Grass;Poison;Green;3;false;0.3;2;50;60;45;100;80;65;400
316;Gulpin;Poison;;Green;3;false;0.4;10.3;70;43;53;43;53;40;302
317;Swalot;Poison;;Purple;3;false;1.7;80;100;73;83;73;83;55;467
318;Carvanha;Water;Dark;Red;3;false;0.8;20.8;45;90;20;65;20;65;305
319;Sharpedo;Water;Dark;Blue;3;false;1.8;88.8;70;120;40;95;40;95;460
320;Wailmer;Water;;Blue;3;false;2;130;130;70;35;70;35;60;400
321;Wailord;Water;;Blue;3;false;14.5;398;170;90;45;90;45;60;500
322;Numel;Fire;Ground;Yellow;3;false;0.7;24;60;60;40;65;45;35;305
323;Camerupt;Fire;Ground;Red;3;false;1.9;220;70;100;70;105;75;40;460
324;Torkoal;Fire;;Brown;3;false;0.5;80.4;70;85;140;85;70;20;470
325;Spoink;Psychic;;Black;3;false;0.7;30.6;60;25;35;70;80;60;330
326;Grumpig;Psychic;;Purple;3;false;0.9;71.5;80;45;65;90;110;80;470
327;Spinda;Normal;;Brown;3;false;1.1;5;60;60;60;60;60;60;360
328;Trapinch;Ground;;Brown;3;false;0.7;15;45;100;45;45;45;10;290
329;Vibrava;Ground;Dragon;Green;3;false;1.1;15.3;50;70;50;50;50;70;340
330;Flygon;Ground;Dragon;Green;3;false;2;82;80;100;80;80;80;100;520
331;Cacnea;Grass;;Green;3;false;0.4;51.3;50;85;40;85;40;35;335
332;Cacturne;Grass;Dark;Green;3;false;1.3;77.4;70;115;60;115;60;55;475
333;Swablu;Normal;Flying;Blue;3;false;0.4;1.2;45;40;60;40;75;50;310
334;Altaria;Dragon;Flying;Blue;3;false;1.1;20.6;75;70;90;70;105;80;490
335;Zangoose;Normal;;White;3;false;1.3;40.3;73;115;60;60;60;90;458
336;Seviper;Poison;;Black;3;false;2.7;52.5;73;100;60;100;60;65;458
337;Lunatone;Rock;Psychic;Yellow;3;false;1;168;90;55;65;95;85;70;460
338;Solrock;Rock;Psychic;Red;3;false;1.2;154;90;95;85;55;65;70;460
339;Barboach;Water;Ground;Grey;3;false;0.4;1.9;50;48;43;46;41;60;288
340;Whiscash;Water;Ground;Blue;3;false;0.9;23.6;110;78;73;76;71;60;468
341;Corphish;Water;;Red;3;false;0.6;11.5;43;80;65;50;35;35;308
342;Crawdaunt;Water;Dark;Red;3;false;1.1;32.8;63;120;85;90;55;55;468
343;Baltoy;Ground;Psychic;Brown;3;false;0.5;21.5;40;40;55;40;70;55;300
344;Claydol;Ground;Psychic;Black;3;false;1.5;108;60;70;105;70;120;75;500
345;Lileep;Rock;Grass;Purple;3;false;1;23.8;66;41;77;61;87;23;355
346;Cradily;Rock;Grass;Green;3;false;1.5;60.4;86;81;97;81;107;43;495
347;Anorith;Rock;Bug;Grey;3;false;0.7;12.5;45;95;50;40;50;75;355
348;Armaldo;Rock;Bug;Grey;3;false;1.5;68.2;75;125;100;70;80;45;495
349;Feebas;Water;;Brown;3;false;0.6;7.4;20;15;20;10;55;80;200
350;Milotic;Water;;Pink;3;false;6.2;162;95;60;79;100;125;81;540
351;Castform;Normal;;Grey;3;false;0.3;0.8;70;70;70;70;70;70;420
352;Kecleon;Normal;;Green;3;false;1;22;60;90;70;60;120;40;440
353;Shuppet;Ghost;;Black;3;false;0.6;2.3;44;75;35;63;33;45;295
354;Banette;Ghost;;Black;3;false;1.1;12.5;64;115;65;83;63;65;455
355;Duskull;Ghost;;Black;3;false;0.8;15;20;40;90;30;90;25;295
356;Dusclops;Ghost;;Black;3;false;1.6;30.6;40;70;130;60;130;25;455
357;Tropius;Grass;Flying;Green;3;false;2;100;99;68;83;72;87;51;460
358;Chimecho;Psychic;;Blue;3;false;0.6;1;75;50;80;95;90;65;455
359;Absol;Dark;;White;3;false;1.2;47;65;130;60;75;60;75;465
360;Wynaut;Psychic;;Blue;3;false;0.6;14;95;23;48;23;48;23;260
361;Snorunt;Ice;;Grey;3;false;0.7;16.8;50;50;50;50;50;50;300
362;Glalie;Ice;;Grey;3;false;1.5;256.5;80;80;80;80;80;80;480
363;Spheal;Ice;Water;Blue;3;false;0.8;39.5;70;40;50;55;50;25;290
364;Sealeo;Ice;Water;Blue;3;false;1.1;87.6;90;60;70;75;70;45;410
365;Walrein;Ice;Water;Blue;3;false;1.4;150.6;110;80;90;95;90;65;530
366;Clamperl;Water;;Blue;3;false;0.4;52.5;35;64;85;74;55;32;345
367;Huntail;Water;;Blue;3;false;1.7;27;55;104;105;94;75;52;485
368;Gorebyss;Water;;Pink;3;false;1.8;22.6;55;84;105;114;75;52;485
369;Relicanth;Water;Rock;Grey;3;false;1;23.4;100;90;130;45;65;55;485
370;Luvdisc;Water;;Pink;3;false;0.6;8.7;43;30;55;40;65;97;330
371;Bagon;Dragon;;Blue;3;false;0.6;42.1;45;75;60;40;30;50;300
372;Shelgon;Dragon;;White;3;false;1.1;110.5;65;95;100;60;50;50;420
373;Salamence;Dragon;Flying;Blue;3;false;1.5;102.6;95;135;80;110;80;100;600
374;Beldum;Steel;Psychic;Blue;3;false;0.6;95.2;40;55;80;35;60;30;300
375;Metang;Steel;Psychic;Blue;3;false;1.2;202.5;60;75;100;55;80;50;420
376;Metagross;Steel;Psychic;Blue;3;false;1.6;550;80;135;130;95;90;70;600
377;Regirock;Rock;;Brown;3;true;1.7;230;80;100;200;50;100;50;580
378;Regice;Ice;;Blue;3;true;1.8;175;80;50;100;100;200;50;580
379;Registeel;Steel;;Grey;3;true;1.9;205;80;75;150;75;150;50;580
380;Latias;Dragon;Psychic;Red;3;true;1.4;40;80;80;90;110;130;110;600
381;Latios;Dragon;Psychic;Blue;3;true;2;60;80;90;80;130;110;110;600
382;Kyogre;Water;;Blue;3;true;4.5;352;100;100;90;150;140;90;670
383;Groudon;Ground;;Red;3;true;3.5;950;100;150;140;100;90;90;670
384;Rayquaza;Dragon;Flying;Green;3;true;7;206.5;105;150;90;150;90;95;680
385;Jirachi;Steel;Psychic;Yellow;3;true;0.3;1.1;100;100;100;100;100;100;600
386;Deoxys;Psychic;;Red;3;true;1.7;60.8;50;150;50;150;50;150;600
387;Turtwig;Grass;;Green;4;false;0.4;10.2;55;68;64;45;55;31;318
388;Grotle;Grass;;Green;4;false;1.1;97;75;89;85;55;65;36;405
389;Torterra;Grass;Ground;Green;4;false;2.2;310;95;109;105;75;85;56;525
390;Chimchar;Fire;;Brown;4;false;0.5;6.2;44;58;44;58;44;61;309
391;Monferno;Fire;Fighting;Brown;4;false;0.9;22;64;78;52;78;52;81;405
392;Infernape;Fire;Fighting;Brown;4;false;1.2;55;76;104;71;104;71;108;534
393;Piplup;Water;;Blue;4;false;0.4;5.2;53;51;53;61;56;40;314
394;Prinplup;Water;;Blue;4;false;0.8;23;64;66;68;81;76;50;405
395;Empoleon;Water;Steel;Blue;4;false;1.7;84.5;84;86;88;111;101;60;530
396;Starly;Normal;Flying;Brown;4;false;0.3;2;40;55;30;30;30;60;245
397;Staravia;Normal;Flying;Brown;4;false;0.6;15.5;55;75;50;40;40;80;340
398;Staraptor;Normal;Flying;Brown;4;false;1.2;24.9;85;120;70;50;60;100;485
399;Bidoof;Normal;;Brown;4;false;0.5;20;59;45;40;35;40;31;250
400;Bibarel;Normal;Water;Brown;4;false;1;31.5;79;85;60;55;60;71;410
401;Kricketot;Bug;;Red;4;false;0.3;2.2;37;25;41;25;41;25;194
402;Kricketune;Bug;;Red;4;false;1;25.5;77;85;51;55;51;65;384
403;Shinx;Electric;;Blue;4;false;0.5;9.5;45;65;34;40;34;45;263
404;Luxio;Electric;;Blue;4;false;0.9;30.5;60;85;49;60;49;60;363
405;Luxray;Electric;;Blue;4;false;1.4;42;80;120;79;95;79;70;523
406;Budew;Grass;Poison;Green;4;false;0.2;1.2;40;30;35;50;70;55;280
407;Roserade;Grass;Poison;Green;4;false;0.9;14.5;60;70;65;125;105;90;515
408;Cranidos;Rock;;Blue;4;false;0.9;31.5;67;125;40;30;30;58;350
409;Rampardos;Rock;;Blue;4;false;1.6;102.5;97;165;60;65;50;58;495
410;Shieldon;Rock;Steel;Grey;4;false;0.5;57;30;42;118;42;88;30;350
411;Bastiodon;Rock;Steel;Grey;4;false;1.3;149.5;60;52;168;47;138;30;495
412;Burmy;Bug;;Green;4;false;0.2;3.4;40;29;45;29;45;36;224
413;Wormadam;Bug;Grass;Green;4;false;0.5;6.5;60;59;85;79;105;36;424
414;Mothim;Bug;Flying;Yellow;4;false;0.9;23.3;70;94;50;94;50;66;424
415;Combee;Bug;Flying;Yellow;4;false;0.3;5.5;30;30;42;30;42;70;244
416;Vespiquen;Bug;Flying;Yellow;4;false;1.2;38.5;70;80;102;80;102;40;474
417;Pachirisu;Electric;;White;4;false;0.4;3.9;60;45;70;45;90;95;405
418;Buizel;Water;;Brown;4;false;0.7;29.5;55;65;35;60;30;85;330
419;Floatzel;Water;;Brown;4;false;1.1;33.5;85;105;55;85;50;115;495
420;Cherubi;Grass;;Pink;4;false;0.4;3.3;45;35;45;62;53;35;275
421;Cherrim;Grass;;Pink;4;false;0.5;9.3;70;60;70;87;78;85;450
422;Shellos;Water;;Purple;4;false;0.3;6.3;76;48;48;57;62;34;325
423;Gastrodon;Water;Ground;Purple;4;false;0.9;29.9;111;83;68;92;82;39;475
424;Ambipom;Normal;;Purple;4;false;1.2;20.3;75;100;66;60;66;115;482
425;Drifloon;Ghost;Flying;Purple;4;false;0.4;1.2;90;50;34;60;44;70;348
426;Drifblim;Ghost;Flying;Purple;4;false;1.2;15;150;80;44;90;54;80;498
427;Buneary;Normal;;Brown;4;false;0.4;5.5;55;66;44;44;56;85;350
428;Lopunny;Normal;;Brown;4;false;1.2;33.3;65;76;84;54;96;105;480
429;Mismagius;Ghost;;Purple;4;false;0.9;4.4;60;60;60;105;105;105;495
430;Honchkrow;Dark;Flying;Black;4;false;0.9;27.3;100;125;52;105;52;71;505
431;Glameow;Normal;;Grey;4;false;0.5;3.9;49;55;42;42;37;85;310
432;Purugly;Normal;;Grey;4;false;1;43.8;71;82;64;64;59;112;452
433;Chingling;Psychic;;Yellow;4;false;0.2;0.6;45;30;50;65;50;45;285
434;Stunky;Poison;Dark;Purple;4;false;0.4;19.2;63;63;47;41;41;74;329
435;Skuntank;Poison;Dark;Purple;4;false;1;38;103;93;67;71;61;84;479
436;Bronzor;Steel;Psychic;Green;4;false;0.5;60.5;57;24;86;24;86;23;300
437;Bronzong;Steel;Psychic;Green;4;false;1.3;187;67;89;116;79;116;33;500
438;Bonsly;Rock;;Brown;4;false;0.5;15;50;80;95;10;45;10;290
439;Mime Jr.;Psychic;Fairy;Pink;4;false;0.6;13;20;25;45;70;90;60;310
440;Happiny;Normal;;Pink;4;false;0.6;24.4;100;5;5;15;65;30;220
441;Chatot;Normal;Flying;Black;4;false;0.5;1.9;76;65;45;92;42;91;411
442;Spiritomb;Ghost;Dark;Purple;4;false;1;108;50;92;108;92;108;35;485
443;Gible;Dragon;Ground;Blue;4;false;0.7;20.5;58;70;45;40;45;42;300
444;Gabite;Dragon;Ground;Blue;4;false;1.4;56;68;90;65;50;55;82;410
445;Garchomp;Dragon;Ground;Blue;4;false;1.9;95;108;130;95;80;85;102;600
446;Munchlax;Normal;;Black;4;false;0.6;105;135;85;40;40;85;5;390
447;Riolu;Fighting;;Blue;4;false;0.7;20.2;40;70;40;35;40;60;285
448;Lucario;Fighting;Steel;Blue;4;false;1.2;54;70;110;70;115;70;90;525
449;Hippopotas;Ground;;Brown;4;false;0.8;49.5;68;72;78;38;42;32;330
450;Hippowdon;Ground;;Brown;4;false;2;300;108;112;118;68;72;47;525
451;Skorupi;Poison;Bug;Purple;4;false;0.8;12;40;50;90;30;55;65;330
452;Drapion;Poison;Dark;Purple;4;false;1.3;61.5;70;90;110;60;75;95;500
453;Croagunk;Poison;Fighting;Blue;4;false;0.7;23;48;61;40;61;40;50;300
454;Toxicroak;Poison;Fighting;Blue;4;false;1.3;44.4;83;106;65;86;65;85;490
455;Carnivine;Grass;;Green;4;false;1.4;27;74;100;72;90;72;46;454
456;Finneon;Water;;Blue;4;false;0.4;7;49;49;56;49;61;66;330
457;Lumineon;Water;;Blue;4;false;1.2;24;69;69;76;69;86;91;460
458;Mantyke;Water;Flying;Blue;4;false;1;65;45;20;50;60;120;50;345
459;Snover;Grass;Ice;White;4;false;1;50.5;60;62;50;62;60;40;334
460;Abomasnow;Grass;Ice;White;4;false;2.2;135.5;90;92;75;92;85;60;494
461;Weavile;Dark;Ice;Black;4;false;1.1;34;70;120;65;45;85;125;510
462;Magnezone;Electric;Steel;Grey;4;false;1.2;180;70;70;115;130;90;60;535
463;Lickilicky;Normal;;Pink;4;false;1.7;140;110;85;95;80;95;50;515
464;Rhyperior;Ground;Rock;Grey;4;false;2.4;282.8;115;140;130;55;55;40;535
465;Tangrowth;Grass;;Blue;4;false;2;128.6;100;100;125;110;50;50;535
466;Electivire;Electric;;Yellow;4;false;1.8;138.6;75;123;67;95;85;95;540
467;Magmortar;Fire;;Red;4;false;1.6;68;75;95;67;125;95;83;540
468;Togekiss;Fairy;Flying;White;4;false;1.5;38;85;50;95;120;115;80;545
469;Yanmega;Bug;Flying;Green;4;false;1.9;51.5;86;76;86;116;56;95;515
470;Leafeon;Grass;;Green;4;false;1;25.5;65;110;130;60;65;95;525
471;Glaceon;Ice;;Blue;4;false;0.8;25.9;65;60;110;130;95;65;525
472;Gliscor;Ground;Flying;Purple;4;false;2;42.5;75;95;125;45;75;95;510
473;Mamoswine;Ice;Ground;Brown;4;false;2.5;291;110;130;80;70;60;80;530
474;Porygon-Z;Normal;;Red;4;false;0.9;34;85;80;70;135;75;90;535
475;Gallade;Psychic;Fighting;White;4;false;1.6;52;68;125;65;65;115;80;518
476;Probopass;Rock;Steel;Grey;4;false;1.4;340;60;55;145;75;150;40;525
477;Dusknoir;Ghost;;Black;4;false;2.2;106.6;45;100;135;65;135;45;525
478;Froslass;Ice;Ghost;White;4;false;1.3;26.6;70;80;70;80;70;110;480
479;Rotom;Electric;Ghost;Red;4;false;0.3;0.3;50;50;77;95;77;91;440
480;Uxie;Psychic;;Yellow;4;true;0.3;0.3;75;75;130;75;130;95;580
481;Mesprit;Psychic;;Pink;4;true;0.3;0.3;80;105;105;105;105;80;580
482;Azelf;Psychic;;Blue;4;true;0.3;0.3;75;125;70;125;70;115;580
483;Dialga;Steel;Dragon;White;4;true;5.4;683;100;120;120;150;100;90;680
484;Palkia;Water;Dragon;Purple;4;true;4.2;336;90;120;100;150;120;100;680
485;Heatran;Fire;Steel;Brown;4;true;1.7;430;91;90;106;130;106;77;600
486;Regigigas;Normal;;White;4;true;3.7;420;110;160;110;80;110;100;670
487;Giratina;Ghost;Dragon;Black;4;true;4.5;750;150;100;120;100;120;90;680
488;Cresselia;Psychic;;Yellow;4;true;1.5;85.6;120;70;120;75;130;85;600
489;Phione;Water;;Blue;4;true;0.4;3.1;80;80;80;80;80;80;480
490;Manaphy;Water;;Blue;4;true;0.3;1.4;100;100;100;100;100;100;600
491;Darkrai;Dark;;Black;4;true;1.5;50.5;70;90;90;135;90;125;600
492;Shaymin;Grass;;Green;4;true;0.2;2.1;100;100;100;100;100;100;600
493;Arceus;Normal;;White;4;true;3.2;320;120;120;120;120;120;120;720
494;Victini;Psychic;Fire;Yellow;5;true;0.4;4;100;100;100;100;100;100;600
495;Snivy;Grass;;Green;5;false;0.6;8.1;45;45;55;45;55;63;308
496;Servine;Grass;;Green;5;false;0.8;16;60;60;75;60;75;83;413
497;Serperior;Grass;;Green;5;false;3.3;63;75;75;95;75;95;113;528
498;Tepig;Fire;;Red;5;false;0.5;9.9;65;63;45;45;45;45;308
499;Pignite;Fire;Fighting;Red;5;false;1;55.5;90;93;55;70;55;55;418
500;Emboar;Fire;Fighting;Red;5;false;1.6;150;110;123;65;100;65;65;528
501;Oshawott;Water;;Blue;5;false;0.5;5.9;55;55;45;63;45;45;308
502;Dewott;Water;;Blue;5;false;0.8;24.5;75;75;60;83;60;60;413
503;Samurott;Water;;Blue;5;false;1.5;94.6;95;100;85;108;70;70;528
504;Patrat;Normal;;Brown;5;false;0.5;11.6;45;55;39;35;39;42;255
505;Watchog;Normal;;Brown;5;false;1.1;27;60;85;69;60;69;77;420
506;Lillipup;Normal;;Brown;5;false;0.4;4.1;45;60;45;25;45;55;275
507;Herdier;Normal;;Grey;5;false;0.9;14.7;65;80;65;35;65;60;370
508;Stoutland;Normal;;Grey;5;false;1.2;61;85;110;90;45;90;80;500
509;Purrloin;Dark;;Purple;5;false;0.4;10.1;41;50;37;50;37;66;281
510;Liepard;Dark;;Purple;5;false;1.1;37.5;64;88;50;88;50;106;446
511;Pansage;Grass;;Green;5;false;0.6;10.5;50;53;48;53;48;64;316
512;Simisage;Grass;;Green;5;false;1.1;30.5;75;98;63;98;63;101;498
513;Pansear;Fire;;Red;5;false;0.6;11;50;53;48;53;48;64;316
514;Simisear;Fire;;Red;5;false;1;28;75;98;63;98;63;101;498
515;Panpour;Water;;Blue;5;false;0.6;13.5;50;53;48;53;48;64;316
516;Simipour;Water;;Blue;5;false;1;29;75;98;63;98;63;101;498
517;Munna;Psychic;;Pink;5;false;0.6;23.3;76;25;45;67;55;24;292
518;Musharna;Psychic;;Pink;5;false;1.1;60.5;116;55;85;107;95;29;487
519;Pidove;Normal;Flying;Grey;5;false;0.3;2.1;50;55;50;36;30;43;264
520;Tranquill;Normal;Flying;Grey;5;false;0.6;15;62;77;62;50;42;65;358
521;Unfezant;Normal;Flying;Grey;5;false;1.2;29;80;115;80;65;55;93;488
522;Blitzle;Electric;;Black;5;false;0.8;29.8;45;60;32;50;32;76;295
523;Zebstrika;Electric;;Black;5;false;1.6;79.5;75;100;63;80;63;116;497
524;Roggenrola;Rock;;Blue;5;false;0.4;18;55;75;85;25;25;15;280
525;Boldore;Rock;;Blue;5;false;0.9;102;70;105;105;50;40;20;390
526;Gigalith;Rock;;Blue;5;false;1.7;260;85;135;130;60;80;25;515
527;Woobat;Psychic;Flying;Blue;5;false;0.4;2.1;65;45;43;55;43;72;323
528;Swoobat;Psychic;Flying;Blue;5;false;0.9;10.5;67;57;55;77;55;114;425
529;Drilbur;Ground;;Grey;5;false;0.3;8.5;60;85;40;30;45;68;328
530;Excadrill;Ground;Steel;Grey;5;false;0.7;40.4;110;135;60;50;65;88;508
531;Audino;Normal;;Pink;5;false;1.1;31;103;60;86;60;86;50;445
532;Timburr;Fighting;;Grey;5;false;0.6;12.5;75;80;55;25;35;35;305
533;Gurdurr;Fighting;;Grey;5;false;1.2;40;85;105;85;40;50;40;405
534;Conkeldurr;Fighting;;Brown;5;false;1.4;87;105;140;95;55;65;45;505
535;Tympole;Water;;Blue;5;false;0.5;4.5;50;50;40;50;40;64;294
536;Palpitoad;Water;Ground;Blue;5;false;0.8;17;75;65;55;65;55;69;384
537;Seismitoad;Water;Ground;Blue;5;false;1.5;62;105;95;75;85;75;74;509
538;Throh;Fighting;;Red;5;false;1.3;55.5;120;100;85;30;85;45;465
539;Sawk;Fighting;;Blue;5;false;1.4;51;75;125;75;30;75;85;465
540;Sewaddle;Bug;Grass;Yellow;5;false;0.3;2.5;45;53;70;40;60;42;310
541;Swadloon;Bug;Grass;Green;5;false;0.5;7.3;55;63;90;50;80;42;380
542;Leavanny;Bug;Grass;Yellow;5;false;1.2;20.5;75;103;80;70;80;92;500
543;Venipede;Bug;Poison;Red;5;false;0.4;5.3;30;45;59;30;39;57;260
544;Whirlipede;Bug;Poison;Grey;5;false;1.2;58.5;40;55;99;40;79;47;360
545;Scolipede;Bug;Poison;Red;5;false;1.5;200.5;60;100;89;55;69;112;485
546;Cottonee;Grass;Fairy;Green;5;false;0.3;0.6;40;27;60;37;50;66;280
547;Whimsicott;Grass;Fairy;Green;5;false;0.7;6.6;60;67;85;77;75;116;480
548;Petilil;Grass;;Green;5;false;0.5;6.6;45;35;50;70;50;30;280
549;Lilligant;Grass;;Green;5;false;1.1;16.3;70;60;75;110;75;90;480
550;Basculin;Water;;Green;5;false;1;18;70;92;65;80;55;98;460
551;Sandile;Ground;Dark;Brown;5;false;0.7;15.2;50;72;35;35;35;65;292
552;Krokorok;Ground;Dark;Brown;5;false;1;33.4;60;82;45;45;45;74;351
553;Krookodile;Ground;Dark;Red;5;false;1.5;96.3;95;117;80;65;70;92;519
554;Darumaka;Fire;;Red;5;false;0.6;37.5;70;90;45;15;45;50;315
555;Darmanitan;Fire;;Red;5;false;1.3;92.9;105;140;55;30;55;95;480
556;Maractus;Grass;;Green;5;false;1;28;75;86;67;106;67;60;461
557;Dwebble;Bug;Rock;Red;5;false;0.3;14.5;50;65;85;35;35;55;325
558;Crustle;Bug;Rock;Red;5;false;1.4;200;70;105;125;65;75;45;485
559;Scraggy;Dark;Fighting;Yellow;5;false;0.6;11.8;50;75;70;35;70;48;348
560;Scrafty;Dark;Fighting;Red;5;false;1.1;30;65;90;115;45;115;58;488
561;Sigilyph;Psychic;Flying;Black;5;false;1.4;14;72;58;80;103;80;97;490
562;Yamask;Ghost;;Black;5;false;0.5;1.5;38;30;85;55;65;30;303
563;Cofagrigus;Ghost;;Yellow;5;false;1.7;76.5;58;50;145;95;105;30;483
564;Tirtouga;Water;Rock;Blue;5;false;0.7;16.5;54;78;103;53;45;22;355
565;Carracosta;Water;Rock;Blue;5;false;1.2;81;74;108;133;83;65;32;495
566;Archen;Rock;Flying;Yellow;5;false;0.5;9.5;55;112;45;74;45;70;401
567;Archeops;Rock;Flying;Yellow;5;false;1.4;32;75;140;65;112;65;110;567
568;Trubbish;Poison;;Green;5;false;0.6;31;50;50;62;40;62;65;329
569;Garbodor;Poison;;Green;5;false;1.9;107.3;80;95;82;60;82;75;474
570;Zorua;Dark;;Grey;5;false;0.7;12.5;40;65;40;80;40;65;330
571;Zoroark;Dark;;Grey;5;false;1.6;81.1;60;105;60;120;60;105;510
572;Minccino;Normal;;Grey;5;false;0.4;5.8;55;50;40;40;40;75;300
573;Cinccino;Normal;;Grey;5;false;0.5;7.5;75;95;60;65;60;115;470
574;Gothita;Psychic;;Purple;5;false;0.4;5.8;45;30;50;55;65;45;290
575;Gothorita;Psychic;;Purple;5;false;0.7;18;60;45;70;75;85;55;390
576;Gothitelle;Psychic;;Purple;5;false;1.5;44;70;55;95;95;110;65;490
577;Solosis;Psychic;;Green;5;false;0.3;1;45;30;40;105;50;20;290
578;Duosion;Psychic;;Green;5;false;0.6;8;65;40;50;125;60;30;370
579;Reuniclus;Psychic;;Green;5;false;1;20.1;110;65;75;125;85;30;490
580;Ducklett;Water;Flying;Blue;5;false;0.5;5.5;62;44;50;44;50;55;305
581;Swanna;Water;Flying;White;5;false;1.3;24.2;75;87;63;87;63;98;473
582;Vanillite;Ice;;White;5;false;0.4;5.7;36;50;50;65;60;44;305
583;Vanillish;Ice;;White;5;false;1.1;41;51;65;65;80;75;59;395
584;Vanilluxe;Ice;;White;5;false;1.3;57.5;71;95;85;110;95;79;535
585;Deerling;Normal;Grass;Pink;5;false;0.6;19.5;60;60;50;40;50;75;335
586;Sawsbuck;Normal;Grass;Brown;5;false;1.9;92.5;80;100;70;60;70;95;475
587;Emolga;Electric;Flying;White;5;false;0.4;5;55;75;60;75;60;103;428
588;Karrablast;Bug;;Blue;5;false;0.5;5.9;50;75;45;40;45;60;315
589;Escavalier;Bug;Steel;Grey;5;false;1;33;70;135;105;60;105;20;495
590;Foongus;Grass;Poison;White;5;false;0.2;1;69;55;45;55;55;15;294
591;Amoonguss;Grass;Poison;White;5;false;0.6;10.5;114;85;70;85;80;30;464
592;Frillish;Water;Ghost;White;5;false;1.2;33;55;40;50;65;85;40;335
593;Jellicent;Water;Ghost;White;5;false;2.2;135;100;60;70;85;105;60;480
594;Alomomola;Water;;Pink;5;false;1.2;31.6;165;75;80;40;45;65;470
595;Joltik;Bug;Electric;Yellow;5;false;0.1;0.6;50;47;50;57;50;65;319
596;Galvantula;Bug;Electric;Yellow;5;false;0.8;14.3;70;77;60;97;60;108;472
597;Ferroseed;Grass;Steel;Grey;5;false;0.6;18.8;44;50;91;24;86;10;305
598;Ferrothorn;Grass;Steel;Grey;5;false;1;110;74;94;131;54;116;20;489
599;Klink;Steel;;Grey;5;false;0.3;21;40;55;70;45;60;30;300
600;Klang;Steel;;Grey;5;false;0.6;51;60;80;95;70;85;50;440
601;Klinklang;Steel;;Grey;5;false;0.6;81;60;100;115;70;85;90;520
602;Tynamo;Electric;;White;5;false;0.2;0.3;35;55;40;45;40;60;275
603;Eelektrik;Electric;;Blue;5;false;1.2;22;65;85;70;75;70;40;405
604;Eelektross;Electric;;Blue;5;false;2.1;80.5;85;115;80;105;80;50;515
605;Elgyem;Psychic;;Blue;5;false;0.5;9;55;55;55;85;55;30;335
606;Beheeyem;Psychic;;Brown;5;false;1;34.5;75;75;75;125;95;40;485
607;Litwick;Ghost;Fire;White;5;false;0.3;3.1;50;30;55;65;55;20;275
608;Lampent;Ghost;Fire;Black;5;false;0.6;13;60;40;60;95;60;55;370
609;Chandelure;Ghost;Fire;Black;5;false;1;34.3;60;55;90;145;90;80;520
610;Axew;Dragon;;Green;5;false;0.6;18;46;87;60;30;40;57;320
611;Fraxure;Dragon;;Green;5;false;1;36;66;117;70;40;50;67;410
612;Haxorus;Dragon;;Yellow;5;false;1.8;105.5;76;147;90;60;70;97;540
613;Cubchoo;Ice;;White;5;false;0.5;8.5;55;70;40;60;40;40;305
614;Beartic;Ice;;White;5;false;2.6;260;95;130;80;70;80;50;505
615;Cryogonal;Ice;;Blue;5;false;1.1;148;80;50;50;95;135;105;515
616;Shelmet;Bug;;Red;5;false;0.4;7.7;50;40;85;40;65;25;305
617;Accelgor;Bug;;Red;5;false;0.8;25.3;80;70;40;100;60;145;495
618;Stunfisk;Electric;Ground;Brown;5;false;0.7;11;109;66;84;81;99;32;471
619;Mienfoo;Fighting;;Yellow;5;false;0.9;20;45;85;50;55;50;65;350
620;Mienshao;Fighting;;Purple;5;false;1.4;35.5;65;125;60;95;60;105;510
621;Druddigon;Dragon;;Red;5;false;1.6;139;77;120;90;60;90;48;485
622;Golett;Ground;Ghost;Green;5;false;1;92;59;74;50;35;50;35;303
623;Golurk;Ground;Ghost;Green;5;false;2.8;330;89;124;80;55;80;55;483
624;Pawniard;Dark;Steel;Red;5;false;0.5;10.2;45;85;70;40;40;60;340
625;Bisharp;Dark;Steel;Red;5;false;1.6;70;65;125;100;60;70;70;490
626;Bouffalant;Normal;;Brown;5;false;1.6;94.6;95;110;95;40;95;55;490
627;Rufflet;Normal;Flying;White;5;false;0.5;10.5;70;83;50;37;50;60;350
628;Braviary;Normal;Flying;Red;5;false;1.5;41;100;123;75;57;75;80;510
629;Vullaby;Dark;Flying;Brown;5;false;0.5;9;70;55;75;45;65;60;370
630;Mandibuzz;Dark;Flying;Brown;5;false;1.2;39.5;110;65;105;55;95;80;510
631;Heatmor;Fire;;Red;5;false;1.4;58;85;97;66;105;66;65;484
632;Durant;Bug;Steel;Grey;5;false;0.3;33;58;109;112;48;48;109;484
633;Deino;Dark;Dragon;Blue;5;false;0.8;17.3;52;65;50;45;50;38;300
634;Zweilous;Dark;Dragon;Blue;5;false;1.4;50;72;85;70;65;70;58;420
635;Hydreigon;Dark;Dragon;Blue;5;false;1.8;160;92;105;90;125;90;98;600
636;Larvesta;Bug;Fire;White;5;false;1.1;28.8;55;85;55;50;55;60;360
637;Volcarona;Bug;Fire;White;5;false;1.6;46;85;60;65;135;105;100;550
638;Cobalion;Steel;Fighting;Blue;5;true;2.1;250;91;90;129;90;72;108;580
639;Terrakion;Rock;Fighting;Grey;5;true;1.9;260;91;129;90;72;90;108;580
640;Virizion;Grass;Fighting;Green;5;true;2;200;91;90;72;90;129;108;580
641;Tornadus;Flying;;Green;5;true;1.5;63;79;115;70;125;80;111;580
642;Thundurus;Electric;Flying;Blue;5;true;1.5;61;79;115;70;125;80;111;580
643;Reshiram;Dragon;Fire;White;5;true;3.2;330;100;120;100;150;120;90;680
644;Zekrom;Dragon;Electric;Black;5;true;2.9;345;100;150;120;120;100;90;680
645;Landorus;Ground;Flying;Brown;5;true;1.5;68;89;125;90;115;80;101;600
646;Kyurem;Dragon;Ice;Grey;5;true;3;325;125;130;90;130;90;95;660
647;Keldeo;Water;Fighting;Yellow;5;true;1.4;48.5;91;72;90;129;90;108;580
648;Meloetta;Normal;Psychic;White;5;true;0.6;6.5;100;77;77;128;128;90;600
649;Genesect;Bug;Steel;Purple;5;true;1.5;82.5;71;120;95;120;95;99;600
650;Chespin;Grass;;Green;6;false;0.4;9;56;61;65;48;45;38;313
651;Quilladin;Grass;;Green;6;false;0.7;29;61;78;95;56;58;57;405
652;Chesnaught;Grass;Fighting;Green;6;false;1.6;90;88;107;122;74;75;64;530
653;Fennekin;Fire;;Red;6;false;0.4;9.4;40;45;40;62;60;60;307
654;Braixen;Fire;;Red;6;false;1;14.5;59;59;58;90;70;73;409
655;Delphox;Fire;Psychic;Red;6;false;1.5;39;75;69;72;114;100;104;534
656;Froakie;Water;;Blue;6;false;0.3;7;41;56;40;62;44;71;314
657;Frogadier;Water;;Blue;6;false;0.6;10.9;54;63;52;83;56;97;405
658;Greninja;Water;Dark;Blue;6;false;1.5;40;72;95;67;103;71;122;530
659;Bunnelby;Normal;;Brown;6;false;0.4;5;38;36;38;32;36;57;237
660;Diggersby;Normal;Ground;Brown;6;false;1;42.4;85;56;77;50;77;78;423
661;Fletchling;Normal;Flying;Red;6;false;0.3;1.7;45;50;43;40;38;62;278
662;Fletchinder;Fire;Flying;Red;6;false;0.7;16;62;73;55;56;52;84;382
663;Talonflame;Fire;Flying;Red;6;false;1.2;24.5;78;81;71;74;69;126;499
664;Scatterbug;Bug;;Black;6;false;0.3;2.5;38;35;40;27;25;35;200
665;Spewpa;Bug;;Black;6;false;0.3;8.4;45;22;60;27;30;29;213
666;Vivillon;Bug;Flying;White;6;false;1.2;17;80;52;50;90;50;89;411
667;Litleo;Fire;Normal;Brown;6;false;0.6;13.5;62;50;58;73;54;72;369
668;Pyroar;Fire;Normal;Brown;6;false;1.5;81.5;86;68;72;109;66;106;507
669;Flabebe;Fairy;;White;6;false;0.1;0.1;44;38;39;61;79;42;303
670;Floette;Fairy;;White;6;false;0.2;0.9;54;45;47;75;98;52;371
671;Florges;Fairy;;White;6;false;1.1;10;78;65;68;112;154;75;552
672;Skiddo;Grass;;Brown;6;false;0.9;31;66;65;48;62;57;52;350
673;Gogoat;Grass;;Brown;6;false;1.7;91;123;100;62;97;81;68;531
674;Pancham;Fighting;;White;6;false;0.6;8;67;82;62;46;48;43;348
675;Pangoro;Fighting;Dark;White;6;false;2.1;136;95;124;78;69;71;58;495
676;Furfrou;Normal;;White;6;false;1.2;28;75;80;60;65;90;102;472
677;Espurr;Psychic;;Grey;6;false;0.3;3.5;62;48;54;63;60;68;355
678;Meowstic M;Psychic;;Blue;6;false;0.6;8.5;74;48;76;83;81;104;466
679;Honedge;Steel;Ghost;Brown;6;false;0.8;2;45;80;100;35;37;28;325
680;Doublade;Steel;Ghost;Brown;6;false;0.8;4.5;59;110;150;45;49;35;448
681;Aegislash;Steel;Ghost;Brown;6;false;1.7;53;60;50;150;50;150;60;520
682;Spritzee;Fairy;;Pink;6;false;0.2;0.5;78;52;60;63;65;23;341
683;Aromatisse;Fairy;;Pink;6;false;0.8;15.5;101;72;72;99;89;29;462
684;Swirlix;Fairy;;White;6;false;0.4;3.5;62;48;66;59;57;49;341
685;Slurpuff;Fairy;;White;6;false;0.8;5;82;80;86;85;75;72;480
686;Inkay;Dark;Psychic;Blue;6;false;0.4;3.5;53;54;53;37;46;45;288
687;Malamar;Dark;Psychic;Blue;6;false;1.5;47;86;92;88;68;75;73;482
688;Binacle;Rock;Water;Brown;6;false;0.5;31;42;52;67;39;56;50;306
689;Barbaracle;Rock;Water;Brown;6;false;1.3;96;72;105;115;54;86;68;500
690;Skrelp;Poison;Water;Brown;6;false;0.5;7.3;50;60;60;60;60;30;320
691;Dragalge;Poison;Dragon;Brown;6;false;1.8;81.5;65;75;90;97;123;44;494
692;Clauncher;Water;;Blue;6;false;0.5;8.3;50;53;62;58;63;44;330
693;Clawitzer;Water;;Blue;6;false;1.3;35.3;71;73;88;120;89;59;500
694;Helioptile;Electric;Normal;Yellow;6;false;0.5;6;44;38;33;61;43;70;289
695;Heliolisk;Electric;Normal;Yellow;6;false;1;21;62;55;52;109;94;109;481
696;Tyrunt;Rock;Dragon;Brown;6;false;0.8;26;58;89;77;45;45;48;362
697;Tyrantrum;Rock;Dragon;Red;6;false;2.5;270;82;121;119;69;59;71;521
698;Amaura;Rock;Ice;Blue;6;false;1.3;25.2;77;59;50;67;63;46;362
699;Aurorus;Rock;Ice;Blue;6;false;2.7;225;123;77;72;99;92;58;521
700;Sylveon;Fairy;;Pink;6;false;1;23.5;95;65;65;110;130;60;525
701;Hawlucha;Fighting;Flying;Green;6;false;0.8;21.5;78;92;75;74;63;118;500
702;Dedenne;Electric;Fairy;Yellow;6;false;0.2;2.2;67;58;57;81;67;101;431
703;Carbink;Rock;Fairy;Grey;6;false;0.3;5.7;50;50;150;50;150;50;500
704;Goomy;Dragon;;Purple;6;false;0.3;2.8;45;50;35;55;75;40;300
705;Sliggoo;Dragon;;Purple;6;false;0.8;17.5;68;75;53;83;113;60;452
706;Goodra;Dragon;;Purple;6;false;2;150.5;90;100;70;110;150;80;600
707;Klefki;Steel;Fairy;Grey;6;false;0.2;3;57;80;91;80;87;75;470
708;Phantump;Ghost;Grass;Brown;6;false;0.4;7;43;70;48;50;60;38;309
709;Trevenant;Ghost;Grass;Brown;6;false;1.5;71;85;110;76;65;82;56;474
710;Pumpkaboo;Ghost;Grass;Brown;6;false;0.3;3.5;49;66;70;44;55;51;335
711;Gourgeist;Ghost;Grass;Brown;6;false;0.7;9.5;65;90;122;58;75;84;494
712;Bergmite;Ice;;Blue;6;false;1;99.5;55;69;85;32;35;28;304
713;Avalugg;Ice;;Blue;6;false;2;505;95;117;184;44;46;28;514
714;Noibat;Flying;Dragon;Purple;6;false;0.5;8;40;30;35;45;40;55;245
715;Noivern;Flying;Dragon;Purple;6;false;1.5;85;85;70;80;97;80;123;535
716;Xerneas;Fairy;;Blue;6;true;3;215;126;131;95;131;98;99;680
717;Yveltal;Dark;Flying;Red;6;true;5.8;203;126;131;95;131;98;99;680
718;Zygarde;Dragon;Ground;Green;6;true;5;305;108;100;121;81;95;95;600
719;Diancie;Rock;Fairy;Pink;6;true;0.7;8.8;50;100;150;100;150;50;600
720;Hoopa;Psychic;Ghost;Purple;6;true;0.5;9;80;110;60;150;130;70;600
721;Volcanion;Fire;Water;Brown;6;true;1.7;195;80;110;120;130;90;70;600
722;Rowlet;Grass;Flying;Brown;7;false;0.3;1.5;68;55;55;50;50;42;320
723;Dartrix;Grass;Flying;Brown;7;false;0.7;16;78;75;75;70;70;52;420
724;Decidueye;Grass;Ghost;Brown;7;false;1.6;36.6;78;107;75;100;100;70;530
725;Litten;Fire;;Red;7;false;0.4;4.3;45;65;40;60;40;70;320
726;Torracat;Fire;;Red;7;false;0.7;25;65;85;50;80;50;90;420
727;Incineroar;Fire;Dark;Red;7;false;1.8;83;95;115;90;80;90;60;530
728;Popplio;Water;;Blue;7;false;0.4;7.5;50;54;54;66;56;40;320
729;Brionne;Water;;Blue;7;false;0.6;17.5;60;69;69;91;81;50;420
730;Primarina;Water;Fairy;Blue;7;false;1.8;44;80;74;74;126;116;60;530
731;Pikipek;Normal;Flying;Black;7;false;0.3;1.2;35;75;30;30;30;65;265
732;Trumbeak;Normal;Flying;Black;7;false;0.6;14.8;55;85;50;40;50;75;355
733;Toucannon;Normal;Flying;Black;7;false;1.1;26;80;120;75;75;75;60;485
734;Yungoos;Normal;;Brown;7;false;0.4;6;48;70;30;30;30;45;253
735;Gumshoos;Normal;;Brown;7;false;0.7;14.2;88;110;60;55;60;45;418
736;Grubbin;Bug;;Grey;7;false;0.4;4.4;47;62;45;55;45;46;300
737;Charjabug;Bug;Electric;Green;7;false;0.5;10.5;57;82;95;55;75;36;400
738;Vikavolt;Bug;Electric;Blue;7;false;1.5;45;77;70;90;145;75;43;500
739;Crabrawler;Fighting;;Purple;7;false;0.6;7;47;82;57;42;47;63;338
740;Crabominable;Fighting;Ice;White;7;false;1.7;180;97;132;77;62;67;43;478
741;Oricorio;Fire;Flying;Red;7;false;0.6;3.4;75;70;70;98;70;93;476
742;Cutiefly;Bug;Fairy;Yellow;7;false;0.1;0.2;40;45;40;55;40;84;304
743;Ribombee;Bug;Fairy;Yellow;7;false;0.2;0.5;60;55;60;95;70;124;464
744;Rockruff;Rock;;Brown;7;false;0.5;9.2;45;65;40;30;40;60;280
745;Lycanroc;Rock;;Brown;7;false;0.8;25;75;115;65;55;65;112;487
746;Wishiwashi;Water;;Blue;7;false;0.2;0.3;45;20;20;25;25;40;175
747;Mareanie;Poison;Water;Blue;7;false;0.4;8;50;53;62;43;52;45;305
748;Toxapex;Poison;Water;Blue;7;false;0.7;14.5;50;63;152;53;142;35;495
749;Mudbray;Ground;;Brown;7;false;1;110;70;100;70;45;55;45;385
750;Mudsdale;Ground;;Brown;7;false;2.5;920;100;125;100;55;85;35;500
751;Dewpider;Water;Bug;Green;7;false;0.3;4;38;40;52;40;72;27;269
752;Araquanid;Water;Bug;Green;7;false;1.8;82;68;70;92;50;132;42;454
753;Fomantis;Grass;;Pink;7;false;0.3;1.5;40;55;35;50;35;35;250
754;Lurantis;Grass;;Pink;7;false;0.9;18.5;70;105;90;80;90;45;480
755;Morelull;Grass;Fairy;Purple;7;false;0.2;1.5;40;35;55;65;75;15;285
756;Shiinotic;Grass;Fairy;Purple;7;false;1;11.5;60;45;80;90;100;30;405
757;Salandit;Poison;Fire;Black;7;false;0.6;4.8;48;44;40;71;40;77;320
758;Salazzle;Poison;Fire;Black;7;false;1.2;22.2;68;64;60;111;60;117;480
759;Stufful;Normal;Fighting;Pink;7;false;0.5;6.8;70;75;50;45;50;50;340
760;Bewear;Normal;Fighting;Pink;7;false;2.1;135;120;125;80;55;60;60;500
761;Bounsweet;Grass;;Purple;7;false;0.3;3.2;42;30;38;30;38;32;210
762;Steenee;Grass;;Purple;7;false;0.7;8.2;52;40;48;40;48;62;290
763;Tsareena;Grass;;Purple;7;false;1.2;21.4;72;120;98;50;98;72;510
764;Comfey;Fairy;;Green;7;false;0.1;0.3;51;52;90;82;110;100;485
765;Oranguru;Normal;Psychic;White;7;false;1.5;76;90;60;80;90;110;60;490
766;Passimian;Fighting;;White;7;false;2;82.8;100;120;90;40;60;80;490
767;Wimpod;Bug;Water;Grey;7;false;0.5;12;25;35;40;20;30;80;230
768;Golisopod;Bug;Water;Grey;7;false;2;108;75;125;140;60;90;40;530
769;Sandygast;Ghost;Ground;Brown;7;false;0.5;70;55;55;80;70;45;15;320
770;Palossand;Ghost;Ground;Brown;7;false;1.3;250;85;75;110;100;75;35;480
771;Pyukumuku;Water;;Black;7;false;0.3;1.2;55;60;130;30;130;5;410
772;Type: Null;Normal;;Grey;7;true;1.9;120.5;95;95;95;95;95;59;534
773;Silvally;Normal;;Grey;7;true;2.3;100.5;95;95;95;95;95;95;570
774;Minior;Rock;Flying;Brown;7;false;0.3;40;60;60;100;60;100;60;440
775;Komala;Normal;;Blue;7;false;0.4;19.9;65;115;65;75;95;65;480
776;Turtonator;Fire;Dragon;Red;7;false;2;212;60;78;135;91;85;36;485
777;Togedemaru;Electric;Steel;Grey;7;false;0.3;3.3;65;98;63;40;73;96;435
778;Mimikyu;Ghost;Fairy;Yellow;7;false;0.2;0.7;55;90;80;50;105;96;476
779;Bruxish;Water;Psychic;Pink;7;false;0.9;19;68;105;70;70;70;92;475
780;Drampa;Normal;Dragon;White;7;false;3;185;78;60;85;135;91;36;485
781;Dhelmise;Ghost;Grass;Green;7;false;3.9;210;70;131;100;86;90;40;517
782;Jangmo-o;Dragon;;Grey;7;false;0.6;29.7;45;55;65;45;45;45;300
783;Hakamo-o;Dragon;Fighting;Grey;7;false;1.2;47;55;75;90;65;70;65;420
784;Kommo-o;Dragon;Fighting;Grey;7;false;1.6;78.2;75;110;125;100;105;85;600
785;Tapu Koko;Electric;Fairy;Yellow;7;true;1.8;20.5;70;115;85;95;75;130;570
786;Tapu Lele;Psychic;Fairy;Pink;7;true;1.2;28.6;70;85;75;130;115;95;570
787;Tapu Bulu;Grass;Fairy;Red;7;true;1.9;45.5;70;130;115;85;95;75;570
788;Tapu Fini;Water;Fairy;Purple;7;true;1.3;21.2;70;75;115;95;130;85;570
789;Cosmog;Psychic;;Blue;7;true;0.2;0.1;43;29;31;29;31;37;200
790;Cosmoem;Psychic;;Blue;7;true;0.1;999.9;43;29;131;29;131;37;400
791;Solgaleo;Psychic;Steel;White;7;true;3.4;230;137;137;107;113;89;97;680
792;Lunala;Psychic;Ghost;Purple;7;true;4;120;137;113;89;137;107;97;680
793;Nihilego;Rock;Poison;White;7;true;1.2;55.5;109;53;47;127;131;103;570
794;Buzzwole;Bug;Fighting;Red;7;true;2.4;333.6;107;139;139;53;53;79;570
795;Pheromosa;Bug;Fighting;White;7;true;1.8;25;71;137;37;137;37;151;570
796;Xurkitree;Electric;;Black;7;true;3.8;100;83;89;71;173;71;83;570
797;Celesteela;Steel;Flying;Green;7;true;9.2;999.9;97;101;103;107;101;61;570
798;Kartana;Grass;Steel;White;7;true;0.3;0.1;59;181;131;59;31;109;570
799;Guzzlord;Dark;Dragon;Black;7;true;5.5;888;223;101;53;97;53;43;570
800;Necrozma;Psychic;;Black;7;true;2.4;230;97;107;101;127;89;79;600
801;Magearna;Steel;Fairy;Grey;7;true;1;80.5;80;95;115;130;115;65;600
802;Marshadow;Fighting;Ghost;Grey;7;true;0.7;22.2;90;125;80;90;90;125;600
803;Poipole;Poison;;Purple;7;true;0.6;1.8;67;73;67;73;67;73;420
804;Naganadel;Poison;Dragon;Purple;7;true;3.6;150;73;73;73;127;73;121;540
805;Stakataka;Rock;Steel;Grey;7;true;5.5;820;61;131;211;53;101;13;570
806;Blacephalon;Fire;Ghost;White;7;true;1.8;13;53;127;53;151;79;107;570
807;Zeraora;Electric;;Yellow;7;true;1.5;44.5;88;112;75;102;80;143;600
808;Meltan;Steel;;Grey;7;true;0.2;8;46;65;65;55;35;34;300
809;Melmetal;Steel;;Grey;7;true;2.5;800;135;143;143;80;65;34;600
810;Grookey;Grass;;Green;8;false;0.3;5;50;65;50;40;40;65;310
811;Thwackey;Grass;;Green;8;false;0.7;14;70;85;70;55;60;80;420
812;Rillaboom;Grass;;Green;8;false;2.1;90;100;125;90;60;70;85;530
813;Scorbunny;Fire;;White;8;false;0.3;4.5;50;71;40;40;40;69;310
814;Raboot;Fire;;Grey;8;false;0.6;9;65;86;60;55;60;94;420
815;Cinderace;Fire;;White;8;false;1.4;33;80;116;75;65;75;119;530
816;Sobble;Water;;Blue;8;false;0.3;4;50;40;40;70;40;70;310
817;Drizzile;Water;;Blue;8;false;0.7;11.5;65;60;60;95;55;90;425
818;Inteleon;Water;;Blue;8;false;1.9;45.2;70;85;75;125;65;120;540
819;Skwovet;Normal;;Brown;8;false;0.3;2.5;70;55;40;35;35;25;260
820;Greedent;Normal;;Brown;8;false;0.6;6;120;95;55;55;75;20;420
821;Rookidee;Flying;;Blue;8;false;0.2;1.8;38;47;65;33;35;57;275
822;Convisquire;Flying;;Blue;8;false;0.8;16;68;67;55;43;55;77;365
823;Conviknight;Flying;Steel;Purple;8;false;2.2;75;98;87;105;53;85;67;495
824;Blipbug;Bug;;Blue;8;false;0.4;8;25;20;20;25;45;45;180
825;Dottler;Bug;Psychic;Yellow;8;false;0.4;19.5;50;35;80;50;90;30;335
826;Orbeetle;Bug;Psychic;Red;8;false;0.4;40.8;60;45;110;80;120;90;505
827;Nickit;Dark;;Brown;8;false;0.6;8.9;40;28;28;47;52;50;245
828;Thievul;Dark;;Brown;8;false;1.2;19.9;70;58;58;87;92;90;455
829;Gossifleur;Grass;;Green;8;false;0.4;2.2;40;40;60;40;60;10;250
830;Eldegoss;Grass;;Green;8;false;0.5;2.5;60;50;90;80;120;60;460
831;Wooloo;Normal;;White;8;false;0.6;6;42;40;55;40;45;48;270
832;Dubwool;Normal;;White;8;false;1.3;43;72;80;100;60;90;88;490
833;Chewtle;Water;;Green;8;false;0.3;8.5;50;64;50;38;38;44;284
834;Drednaw;Water;Rock;Green;8;false;1;115.5;90;115;90;48;68;74;485
835;Yamper;Electric;;Yellow;8;false;0.3;13.5;59;45;50;40;50;26;270
836;Boltund;Electric;;Yellow;8;false;1;34;69;90;60;90;60;121;490
837;Rolycoly;Rock;;Black;8;false;0.3;12;30;40;50;40;50;30;240
838;Carkol;Rock;Fire;Black;8;false;1.1;78;80;60;90;60;70;50;410
839;Coalossal;Rock;Fire;Black;8;false;2.8;310.5;110;80;120;80;90;30;510
840;Applin;Grass;Dragon;Green;8;false;0.2;0.5;40;40;80;40;40;20;260
841;Flapple;Grass;Dragon;Green;8;false;0.3;1;70;110;80;95;60;70;485
842;Appletun;Grass;Dragon;Green;8;false;0.4;13;110;85;80;100;80;30;485
843;Silicobra;Ground;;Green;8;false;2.2;7.6;52;57;75;35;50;46;315
844;Sandaconda;Ground;;Green;8;false;3.8;65.5;72;107;125;65;70;71;510
845;Cramorant;Flying;Water;Blue;8;false;0.8;18;70;85;55;85;95;85;475
846;Arrokuda;Water;;Brown;8;false;0.5;1;41;63;40;40;30;66;280
847;Barraskewda;Water;;Brown;8;false;1.3;30;61;123;60;60;50;136;490
848;Toxel;Electric;Poison;Purple;8;false;0.4;11;40;38;35;54;35;40;242
849;Toxtricity;Electric;Poison;Purple;8;false;1.6;40;75;98;70;114;70;75;502
850;Sizzlipede;Fire;Bug;Red;8;false;0.7;1;50;65;45;50;50;45;305
851;Centiskorch;Fire;Bug;Red;8;false;3;120;100;115;65;90;90;65;525
852;Clobbopus;Fighting;;Brown;8;false;0.6;4;50;68;60;50;50;32;310
853;Grapploct;Fighting;;Blue;8;false;1.6;39;80;118;90;70;80;42;480
854;Sinistea;Ghost;;Purple;8;false;0.1;0.2;40;45;45;74;54;50;308
855;Polteageist;Ghost;;Purple;8;false;0.2;0.4;60;65;65;134;114;70;508
856;Hatenna;Psychic;;Pink;8;false;0.4;3.4;42;30;60;56;53;39;280
857;Hattrem;Psychic;;Pink;8;false;0.6;4.8;57;40;90;86;73;49;395
858;Hatterene;Psychic;Fairy;Pink;8;false;2.1;5.1;57;90;45;136;103;29;460
859;Impidimp;Dark;Fairy;Pink;8;false;0.4;5.5;45;45;65;55;40;50;300
860;Morgrem;Dark;Fairy;Pink;8;false;0.8;12.5;65;60;45;75;55;70;370
861;Grimmsnarl;Dark;Fairy;Purple;8;false;1.5;61;95;120;65;95;75;60;510
862;Obstagoon;Dark;Normal;Grey;8;false;1.6;46;93;90;101;60;81;95;520
863;Perrserker;Steel;;Brown;8;false;0.8;28;70;110;100;50;60;50;440
864;Cursola;Ghost;;White;8;false;1;0.4;60;95;50;145;130;30;510
865;Sirfetch'd;Fighting;;White;8;false;0.8;117;62;135;95;68;82;65;507
866;Mr. Rime;Ice;Psychic;Purple;8;false;1.5;58.2;80;85;75;110;100;70;520
867;Runerigus;Ground;Ghost;Grey;8;false;1.6;66.6;58;95;145;50;105;30;483
868;Milcery;Fairy;;White;8;false;0.2;0.3;45;40;40;50;61;34;270
869;Alcremie;Fairy;;Pink;8;false;0.3;0.5;65;60;75;110;121;64;495
870;Falinks;Fighting;;Yellow;8;false;3;62;65;100;100;70;60;75;470
871;Pincurchin;Electric;;Purple;8;false;0.3;1;48;101;95;91;85;15;435
872;Snom;Ice;Bug;White;8;false;0.3;3.8;30;25;35;45;30;20;185
873;Frosmoth;Ice;Bug;White;8;false;1.3;42;70;65;60;125;90;65;475
874;Stonjourner;Rock;;Grey;8;false;2.5;520;100;125;135;20;20;70;470
875;Eiscue;Ice;;Blue;8;false;1.4;89;75;80;110;65;90;50;470
876;Indeedee M;Psychic;Normal;Purple;8;false;0.9;28;60;65;55;105;95;95;475
877;Morpeko;Electric;Dark;Yellow;8;false;0.3;3;58;95;58;70;58;97;436
878;Cufant;Steel;;Yellow;8;false;1.2;100;72;80;49;40;49;40;330
879;Copperajah;Steel;;Green;8;false;3;650;122;130;69;80;69;30;500
880;Dracozolt;Electric;Dragon;Green;8;false;1.8;190;90;100;90;80;70;75;505
881;Arctozolt;Electric;Ice;Blue;8;false;2.3;150;90;100;90;90;80;55;505
882;Dracovish;Water;Dragon;Green;8;false;2.3;215;90;90;100;70;80;75;505
883;Arctovish;Water;Ice;Blue;8;false;2;175;90;90;100;80;90;55;505
884;Duraludon;Steel;Dragon;White;8;false;1.8;40;70;95;115;120;50;85;535
885;Dreepy;Dragon;Ghost;Green;8;false;0.5;2;28;60;30;40;30;82;270
886;Drakloak;Dragon;Ghost;Green;8;false;1.4;11;68;80;50;60;50;102;410
887;Dragapult;Dragon;Ghost;Green;8;false;3;50;88;120;75;100;75;142;600
888;Zacian;Fairy;;Blue;8;true;2.8;110;92;130;115;80;115;138;670
889;Zamazanta;Fighting;;Red;8;true;2.9;210;92;130;115;80;115;138;670
890;Eternatus;Poison;Dragon;Purple;8;true;2;950;140;85;95;145;95;130;690
891;Kubfu;Fighting;;Grey;8;true;0.6;12;60;90;60;53;50;72;385
892;Urshifu;Fighting;Dark;Grey;8;true;1.9;105;100;130;100;63;60;97;550
893;Zarude;Dark;Grass;Green;8;true;1.8;70;105;120;105;70;95;105;600
894;Regieleki;Electric;Yellow;Transistor;1.2;false;100;50;100;50;200;580;3;30720;290
895;Regidrago;Dragon;Green;Dragon's Maw;2.1;false;100;50;100;50;80;580;3;30720;290
896;Glastrier;Ice;White;Chilling Neigh;2.2;false;145;130;65;110;30;580;3;30720;290
897;Spectrier;Ghost;Black;Grim Neigh;2;false;65;60;145;80;130;580;3;30720;290
898;Calyrex;Psychic;Grass;Green;0;false;100;80;80;80;80;80;500;3;30720
